tree,slope,week,water_potential,cwc,time_season,time,site,date_wp
1478,6.024065737051783e-4,21,-3.9875,0.0453818,after leafout,md,Cucu Mesa,2022-05-23
1478,6.024065737051783e-4,19,-2.535,0.0505631,after leafout,md,Cucu Mesa,2022-05-09
1478,6.024065737051783e-4,37,-1.695,0.0806744,after leafout,pd,Cucu Mesa,2022-09-15
1478,6.024065737051783e-4,21,-1.55266666666667,0.0453818,after leafout,pd,Cucu Mesa,2022-05-23
1478,6.024065737051783e-4,29,-4.13333333333333,NA,after leafout,md,NA,2022-07-19
1478,6.024065737051783e-4,37,-4.073,0.0806744,after leafout,md,Cucu Mesa,2022-09-15
1478,6.024065737051783e-4,14,-0.5714,0.098124,before leafout,pd,Cucu Mesa,2022-04-04
1478,6.024065737051783e-4,15,-1.6904,0.0633957,before leafout,md,Cucu Mesa,2022-04-13
1478,6.024065737051783e-4,17,-2.221,0.0918326,after leafout,md,Cucu Mesa,2022-04-25
1478,6.024065737051783e-4,17,-0.903,0.0918326,after leafout,pd,Cucu Mesa,2022-04-25
2004,-0.0013977928571428588,37,-1.6205,0.0171421,after leafout,pd,Cucu Mesa,2022-09-15
2004,-0.0013977928571428588,37,-3.59033333333333,0.0171421,after leafout,md,Cucu Mesa,2022-09-15
2004,-0.0013977928571428588,21,-2.6858,0.0444557,after leafout,md,Cucu Mesa,2022-05-23
2004,-0.0013977928571428588,10,-1.65333333333333,0.107627,before leafout,md,Cucu Mesa,2022-03-08
2004,-0.0013977928571428588,21,-1.81766666666667,0.0444557,after leafout,pd,Cucu Mesa,2022-05-23
2004,-0.0013977928571428588,17,-0.9345,0.0426235,after leafout,pd,Cucu Mesa,2022-04-25
2004,-0.0013977928571428588,17,-2.62066666666667,0.0426235,after leafout,md,Cucu Mesa,2022-04-25
2004,-0.0013977928571428588,14,-0.38925,0.0277383,before leafout,pd,Cucu Mesa,2022-04-04
2004,-0.0013977928571428588,15,-2.2,0.0645346,before leafout,md,Cucu Mesa,2022-04-13
2004,-0.0013977928571428588,14,-2.375,0.0277383,before leafout,md,Cucu Mesa,2022-04-04
2004,-0.0013977928571428588,10,-0.3335,0.107627,before leafout,pd,Cucu Mesa,2022-03-08
2005,-0.0019045794820717133,10,-1.045,0.056627,before leafout,pd,Cucu Mesa,2022-03-08
2005,-0.0019045794820717133,37,-1.687,0,after leafout,pd,Cucu Mesa,2022-09-15
2005,-0.0019045794820717133,10,-1.445,0.056627,before leafout,md,Cucu Mesa,2022-03-08
2005,-0.0019045794820717133,14,-2.125,0.0666067,before leafout,md,Cucu Mesa,2022-04-04
2005,-0.0019045794820717133,29,-2.138,NA,after leafout,pd,NA,2022-07-19
2005,-0.0019045794820717133,37,-3.5775,0,after leafout,md,Cucu Mesa,2022-09-15
2005,-0.0019045794820717133,29,-4.3,NA,after leafout,md,NA,2022-07-19
2005,-0.0019045794820717133,21,-3,0.0058641,after leafout,md,Cucu Mesa,2022-05-23
2005,-0.0019045794820717133,14,-0.4295,0.0666067,before leafout,pd,Cucu Mesa,2022-04-04
2005,-0.0019045794820717133,21,-1.72933333333333,0.0058641,after leafout,pd,Cucu Mesa,2022-05-23
2005,-0.0019045794820717133,17,-0.917666666666667,0.0551155,after leafout,pd,Cucu Mesa,2022-04-25
2005,-0.0019045794820717133,15,-1.61666666666667,0.02661,before leafout,md,Cucu Mesa,2022-04-13
2005,-0.0019045794820717133,17,-2.733,0.0551155,after leafout,md,Cucu Mesa,2022-04-25
2005,-0.0019045794820717133,19,-2.49,0.0233641,after leafout,md,Cucu Mesa,2022-05-09
2006,-0.0025623181274900403,14,-2.15,0.0860121,before leafout,md,Cucu Mesa,2022-04-04
2006,-0.0025623181274900403,14,-0.540666666666667,0.0860121,before leafout,pd,Cucu Mesa,2022-04-04
2006,-0.0025623181274900403,37,-1.6032,0,after leafout,pd,Cucu Mesa,2022-09-15
2006,-0.0025623181274900403,10,-1.40666666666667,0.0668307,before leafout,md,Cucu Mesa,2022-03-08
2006,-0.0025623181274900403,10,-0.9475,0.0668307,before leafout,pd,Cucu Mesa,2022-03-08
2006,-0.0025623181274900403,17,-0.991333333333333,0.0818919,after leafout,pd,Cucu Mesa,2022-04-25
2006,-0.0025623181274900403,17,-2.717,0.0818919,after leafout,md,Cucu Mesa,2022-04-25
2006,-0.0025623181274900403,19,-2.36066666666667,0.0155575,after leafout,md,Cucu Mesa,2022-05-09
2006,-0.0025623181274900403,15,-1.727,0.0591474,before leafout,md,Cucu Mesa,2022-04-13
2006,-0.0025623181274900403,37,-2.566,0,after leafout,md,Cucu Mesa,2022-09-15
2006,-0.0025623181274900403,21,-1.767,0.0163343,after leafout,pd,Cucu Mesa,2022-05-23
2006,-0.0025623181274900403,29,-2.775,NA,after leafout,pd,NA,2022-07-19
2006,-0.0025623181274900403,21,-3.19933333333333,0.0163343,after leafout,md,Cucu Mesa,2022-05-23
2006,-0.0025623181274900403,29,-4.46666666666667,NA,after leafout,md,NA,2022-07-19
2007,-0.0020361197211155382,21,-3.4,0.0159805,after leafout,md,Cucu Mesa,2022-05-23
2007,-0.0020361197211155382,21,-1.67233333333333,0.0159805,after leafout,pd,Cucu Mesa,2022-05-23
2007,-0.0020361197211155382,37,-1.29416666666667,0,after leafout,pd,Cucu Mesa,2022-09-15
2007,-0.0020361197211155382,29,-2.32333333333333,NA,after leafout,pd,NA,2022-07-19
2007,-0.0020361197211155382,17,-2.42633333333333,0.0600799,after leafout,md,Cucu Mesa,2022-04-25
2007,-0.0020361197211155382,37,-3.4215,0,after leafout,md,Cucu Mesa,2022-09-15
2007,-0.0020361197211155382,29,-4.23333333333333,NA,after leafout,md,NA,2022-07-19
2007,-0.0020361197211155382,10,-0.815,0.0626829,before leafout,pd,Cucu Mesa,2022-03-08
2007,-0.0020361197211155382,19,-2.23766666666667,0.0179101,after leafout,md,Cucu Mesa,2022-05-09
2007,-0.0020361197211155382,10,-1.77,0.0626829,before leafout,md,Cucu Mesa,2022-03-08
2007,-0.0020361197211155382,15,-1.70666666666667,0.041694,before leafout,md,Cucu Mesa,2022-04-13
2007,-0.0020361197211155382,17,-0.989,0.0600799,after leafout,pd,Cucu Mesa,2022-04-25
2007,-0.0020361197211155382,14,-0.36675,0.0630606,before leafout,pd,Cucu Mesa,2022-04-04
2007,-0.0020361197211155382,14,-2.1,0.0630606,before leafout,md,Cucu Mesa,2022-04-04
2011,-0.0010589667151162793,37,-3.836,0,after leafout,md,Weathertop,2022-09-15
2011,-0.0010589667151162793,15,-1.78133333333333,0.0348477,before leafout,md,Weathertop,2022-04-13
2011,-0.0010589667151162793,17,-1.253,0.019963,after leafout,pd,Weathertop,2022-04-25
2011,-0.0010589667151162793,18,-3.105,0.0091785,after leafout,md,Weathertop,2022-05-04
2011,-0.0010589667151162793,37,-1.57,0,after leafout,pd,Weathertop,2022-09-15
2011,-0.0010589667151162793,17,-1.695,0.019963,after leafout,md,Weathertop,2022-04-25
2011,-0.0010589667151162793,33,-3.60766666666667,NA,after leafout,pd,NA,2022-08-18
2011,-0.0010589667151162793,14,-0.856333333333333,0.0647117,before leafout,pd,Weathertop,2022-04-04
2011,-0.0010589667151162793,15,-1.45,0.0348477,before leafout,pd,Weathertop,2022-04-11
2011,-0.0010589667151162793,21,-2.22,0.008059,after leafout,md,Weathertop,2022-05-23
2011,-0.0010589667151162793,19,-1.583,0.0388116,after leafout,pd,Weathertop,2022-05-09
2011,-0.0010589667151162793,29,-4.875,NA,after leafout,md,NA,2022-07-19
2011,-0.0010589667151162793,33,-4.2785,NA,after leafout,md,NA,2022-08-18
2011,-0.0010589667151162793,14,-3.15,0.0647117,before leafout,md,Weathertop,2022-04-06
2011,-0.0010589667151162793,21,-1.728,0.008059,after leafout,pd,Weathertop,2022-05-23
2011,-0.0010589667151162793,29,-4.15,NA,after leafout,pd,NA,2022-07-19
2011,-0.0010589667151162793,19,-2.3015,0.0388116,after leafout,md,Weathertop,2022-05-09
2012,-5.316866533864543e-4,17,-1.2195,0.0398025,after leafout,pd,Cucu Mesa,2022-04-25
2012,-5.316866533864543e-4,14,-0.505,0.0586781,before leafout,pd,Cucu Mesa,2022-04-04
2012,-5.316866533864543e-4,15,-1.44133333333333,0.038282,before leafout,md,Cucu Mesa,2022-04-13
2012,-5.316866533864543e-4,19,-2.45666666666667,0.014153,after leafout,md,Cucu Mesa,2022-05-09
2012,-5.316866533864543e-4,21,-3.064,0,after leafout,md,Cucu Mesa,2022-05-23
2012,-5.316866533864543e-4,37,-4.1735,0.0139964,after leafout,md,Cucu Mesa,2022-09-15
2012,-5.316866533864543e-4,21,-2.607,0,after leafout,pd,Cucu Mesa,2022-05-23
2012,-5.316866533864543e-4,29,-3.68333333333333,NA,after leafout,md,NA,2022-07-19
2012,-5.316866533864543e-4,17,-2.50333333333333,0.0398025,after leafout,md,Cucu Mesa,2022-04-25
2012,-5.316866533864543e-4,29,-2.63,NA,after leafout,pd,NA,2022-07-19
2012,-5.316866533864543e-4,37,-2.4035,0.0139964,after leafout,pd,Cucu Mesa,2022-09-15
2015,4.070519920318726e-4,19,-2.5325,0,after leafout,md,Cucu Mesa,2022-05-09
2015,4.070519920318726e-4,15,-1.795,1e-7,before leafout,md,Cucu Mesa,2022-04-13
2015,4.070519920318726e-4,17,-1.326,0,after leafout,pd,Cucu Mesa,2022-04-25
2015,4.070519920318726e-4,29,-3.75,NA,after leafout,pd,NA,2022-07-19
2015,4.070519920318726e-4,17,-2.731,0,after leafout,md,Cucu Mesa,2022-04-25
2015,4.070519920318726e-4,14,-0.617666666666667,0.0587953,before leafout,pd,Cucu Mesa,2022-04-04
2015,4.070519920318726e-4,21,-3.1685,0.0116,after leafout,md,Cucu Mesa,2022-05-23
2015,4.070519920318726e-4,37,-4.4435,0.0097163,after leafout,md,Cucu Mesa,2022-09-15
2015,4.070519920318726e-4,21,-1.982,0.0116,after leafout,pd,Cucu Mesa,2022-05-23
2015,4.070519920318726e-4,37,-1.84675,0.0097163,after leafout,pd,Cucu Mesa,2022-09-15
2015,4.070519920318726e-4,29,-4.75,NA,after leafout,md,NA,2022-07-19
2020,-7.409870517928288e-4,29,-3.86666666666667,NA,after leafout,md,NA,2022-07-19
2020,-7.409870517928288e-4,21,-1.775,0,after leafout,pd,Chamise,2022-05-23
2020,-7.409870517928288e-4,21,-2.9805,0,after leafout,md,Chamise,2022-05-23
2020,-7.409870517928288e-4,29,-2.8575,NA,after leafout,pd,NA,2022-07-19
2020,-7.409870517928288e-4,17,-0.94,0.0286135,after leafout,pd,Chamise,2022-04-25
2020,-7.409870517928288e-4,37,-2.10666666666667,0,after leafout,pd,Chamise,2022-09-15
2020,-7.409870517928288e-4,19,-2.22025,0,after leafout,md,Chamise,2022-05-09
2020,-7.409870517928288e-4,19,-1.52875,0,after leafout,pd,Chamise,2022-05-09
2020,-7.409870517928288e-4,37,-2.643,0,after leafout,md,Chamise,2022-09-15
2020,-7.409870517928288e-4,17,-1.781,0.0286135,after leafout,md,Chamise,2022-04-25
2020,-7.409870517928288e-4,10,-2.17333333333333,0.0099316,before leafout,md,Chamise,2022-03-08
2020,-7.409870517928288e-4,14,-2.43333333333333,0.00586,before leafout,md,Chamise,2022-04-04
2020,-7.409870517928288e-4,15,-2.16666666666667,0,before leafout,md,Chamise,2022-04-13
2020,-7.409870517928288e-4,14,-0.68625,0.00586,before leafout,pd,Chamise,2022-04-04
2024,-0.001364681474103586,17,-1.871,0.0472023,after leafout,md,Chamise,2022-04-25
2024,-0.001364681474103586,17,-1.017,0.0472023,after leafout,pd,Chamise,2022-04-25
2024,-0.001364681474103586,37,-2.03666666666667,0,after leafout,pd,Chamise,2022-09-15
2024,-0.001364681474103586,14,-0.413,0.0355296,before leafout,pd,Chamise,2022-04-04
2024,-0.001364681474103586,15,-2.33666666666667,2e-7,before leafout,md,Chamise,2022-04-13
2024,-0.001364681474103586,37,-3.92866666666667,0,after leafout,md,Chamise,2022-09-15
2024,-0.001364681474103586,21,-1.7,0,after leafout,pd,Chamise,2022-05-23
2024,-0.001364681474103586,19,-2.20733333333333,0.0079378,after leafout,md,Chamise,2022-05-09
2024,-0.001364681474103586,10,-1.685,0.0646295,before leafout,md,Chamise,2022-03-08
2024,-0.001364681474103586,21,-2.692,0,after leafout,md,Chamise,2022-05-23
2024,-0.001364681474103586,14,-2.25,0.0355296,before leafout,md,Chamise,2022-04-04
2024,-0.001364681474103586,29,-4.1,NA,after leafout,md,NA,2022-07-19
2024,-0.001364681474103586,29,-2.81666666666667,NA,after leafout,pd,NA,2022-07-19
2024,-0.001364681474103586,19,-1.346,0.0079378,after leafout,pd,Chamise,2022-05-09
2025,-0.0012089488047808765,29,-3.125,NA,after leafout,pd,NA,2022-07-19
2025,-0.0012089488047808765,21,-1.5,0.0170609,after leafout,pd,Chamise,2022-05-23
2025,-0.0012089488047808765,29,-4.1,NA,after leafout,md,NA,2022-07-19
2025,-0.0012089488047808765,21,-3.0585,0.0170609,after leafout,md,Chamise,2022-05-23
2025,-0.0012089488047808765,19,-1.70942857142857,0.0226033,after leafout,pd,Chamise,2022-05-09
2025,-0.0012089488047808765,15,-1.6755,0.0061813,before leafout,md,Chamise,2022-04-13
2025,-0.0012089488047808765,37,-3.658,0,after leafout,md,Chamise,2022-09-15
2025,-0.0012089488047808765,19,-1.9545,0.0226033,after leafout,md,Chamise,2022-05-09
2025,-0.0012089488047808765,17,-1.428,0.0244737,after leafout,md,Chamise,2022-04-25
2025,-0.0012089488047808765,14,-0.1056,0.0605638,before leafout,pd,Chamise,2022-04-04
2025,-0.0012089488047808765,17,-1.0305,0.0244737,after leafout,pd,Chamise,2022-04-25
2025,-0.0012089488047808765,10,-1.8025,0.0585263,before leafout,md,Chamise,2022-03-08
2026,-0.0012125543824701196,19,-2.63266666666667,0.0159674,after leafout,md,Chamise,2022-05-09
2026,-0.0012125543824701196,14,-2.3,0.0264174,before leafout,md,Chamise,2022-04-04
2026,-0.0012125543824701196,17,-1.209,0.0357689,after leafout,pd,Chamise,2022-04-25
2026,-0.0012125543824701196,37,-1.806,0,after leafout,pd,Chamise,2022-09-15
2026,-0.0012125543824701196,14,-0.4384,0.0264174,before leafout,pd,Chamise,2022-04-04
2026,-0.0012125543824701196,21,-3.367,0,after leafout,md,Chamise,2022-05-23
2026,-0.0012125543824701196,17,-2.98233333333333,0.0357689,after leafout,md,Chamise,2022-04-25
2026,-0.0012125543824701196,29,-3.85,NA,after leafout,pd,NA,2022-07-19
2026,-0.0012125543824701196,15,-1.697,0,before leafout,md,Chamise,2022-04-13
2026,-0.0012125543824701196,37,-4.189,0,after leafout,md,Chamise,2022-09-15
2026,-0.0012125543824701196,10,-1.945,0.0198936,before leafout,md,Chamise,2022-03-08
2026,-0.0012125543824701196,29,-4.53333333333333,NA,after leafout,md,NA,2022-07-19
2026,-0.0012125543824701196,21,-2.05333333333333,0,after leafout,pd,Chamise,2022-05-23
2027,-1.9313286852589646e-4,19,-2.51066666666667,0,after leafout,md,Chamise,2022-05-09
2027,-1.9313286852589646e-4,19,-1.78025,0,after leafout,pd,Chamise,2022-05-09
2027,-1.9313286852589646e-4,17,-2.66533333333333,0.0074579,after leafout,md,Chamise,2022-04-25
2027,-1.9313286852589646e-4,17,-1.28133333333333,0.0074579,after leafout,pd,Chamise,2022-04-25
2027,-1.9313286852589646e-4,21,-1.985,0,after leafout,pd,Chamise,2022-05-23
2027,-1.9313286852589646e-4,29,-3.4,NA,after leafout,pd,NA,2022-07-19
2027,-1.9313286852589646e-4,21,-3.34425,0,after leafout,md,Chamise,2022-05-23
2027,-1.9313286852589646e-4,15,-2.2905,0.0079662,before leafout,md,Chamise,2022-04-13
2027,-1.9313286852589646e-4,37,-2.87366666666667,0,after leafout,pd,Chamise,2022-09-15
2027,-1.9313286852589646e-4,37,-4.306,0,after leafout,md,Chamise,2022-09-15
2027,-1.9313286852589646e-4,14,-0.572666666666667,0.0697813,before leafout,pd,Chamise,2022-04-04
2028,-0.0024114270916334663,19,-1.9845,0.0339499,after leafout,pd,Chamise,2022-05-09
2028,-0.0024114270916334663,37,-2.359,0,after leafout,pd,Chamise,2022-09-15
2028,-0.0024114270916334663,19,-2.074,0.0339499,after leafout,md,Chamise,2022-05-09
2028,-0.0024114270916334663,37,-3.787,0,after leafout,md,Chamise,2022-09-15
2028,-0.0024114270916334663,17,-2.0795,0.0630126,after leafout,md,Chamise,2022-04-25
2028,-0.0024114270916334663,21,-1.775,0.0171647,after leafout,pd,Chamise,2022-05-23
2028,-0.0024114270916334663,15,-1.664,0.0272247,before leafout,md,Chamise,2022-04-13
2028,-0.0024114270916334663,17,-1.216,0.0630126,after leafout,pd,Chamise,2022-04-25
2028,-0.0024114270916334663,29,-3.36666666666667,NA,after leafout,pd,NA,2022-07-19
2028,-0.0024114270916334663,29,-5,NA,after leafout,md,NA,2022-07-19
2028,-0.0024114270916334663,14,-0.53675,0.0763207,before leafout,pd,Chamise,2022-04-04
2028,-0.0024114270916334663,21,-3.2125,0.0171647,after leafout,md,Chamise,2022-05-23
2031,-9.788055776892431e-4,17,-0.899,0.0286719,after leafout,pd,Chamise,2022-04-25
2031,-9.788055776892431e-4,17,-1.873,0.0286719,after leafout,md,Chamise,2022-04-25
2031,-9.788055776892431e-4,14,-0.244,0.0239987,before leafout,pd,Chamise,2022-04-04
2031,-9.788055776892431e-4,15,-2.00433333333333,0,before leafout,md,Chamise,2022-04-13
2031,-9.788055776892431e-4,19,-1.683,0.0120738,after leafout,pd,Chamise,2022-05-09
2031,-9.788055776892431e-4,21,-2.971,0.0019923,after leafout,md,Chamise,2022-05-23
2031,-9.788055776892431e-4,19,-2.786,0.0120738,after leafout,md,Chamise,2022-05-09
2031,-9.788055776892431e-4,37,-3.53166666666667,0,after leafout,md,Chamise,2022-09-15
2031,-9.788055776892431e-4,37,-2.89666666666667,0,after leafout,pd,Chamise,2022-09-15
2031,-9.788055776892431e-4,29,-4.03333333333333,NA,after leafout,md,NA,2022-07-19
2031,-9.788055776892431e-4,29,-3.22,NA,after leafout,pd,NA,2022-07-19
2031,-9.788055776892431e-4,21,-1.9125,0.0019923,after leafout,pd,Chamise,2022-05-23
2085,-8.289883561643848e-4,17,-1.044,NA,after leafout,pd,NA,2022-04-25
2085,-8.289883561643848e-4,21,-3.21666666666667,0.0544908,after leafout,md,PineNeedle,2022-05-23
2085,-8.289883561643848e-4,21,-1.52,0.0544908,after leafout,pd,PineNeedle,2022-05-23
2085,-8.289883561643848e-4,29,-4.1,NA,after leafout,md,NA,2022-07-19
2085,-8.289883561643848e-4,19,-2.29533333333333,0.0440244,after leafout,md,PineNeedle,2022-05-09
2085,-8.289883561643848e-4,14,-0.518,0.0843665,before leafout,pd,PineNeedle,2022-04-04
2085,-8.289883561643848e-4,15,-1.5175,0.0647904,before leafout,md,PineNeedle,2022-04-11
2085,-8.289883561643848e-4,17,-2.21066666666667,NA,after leafout,md,NA,2022-04-25
2085,-8.289883561643848e-4,29,-2.78,NA,after leafout,pd,NA,2022-07-19
2085,-8.289883561643848e-4,37,-3.556,0.034095,after leafout,md,PineNeedle,2022-09-15
2085,-8.289883561643848e-4,37,-1.48244444444444,0.034095,after leafout,pd,PineNeedle,2022-09-15
2086,-2.3115308219178105e-4,37,-1.8648,0,after leafout,pd,PineNeedle,2022-09-15
2086,-2.3115308219178105e-4,15,-1.58666666666667,0,before leafout,md,PineNeedle,2022-04-11
2086,-2.3115308219178105e-4,21,-3.252,0.0067591,after leafout,md,PineNeedle,2022-05-23
2086,-2.3115308219178105e-4,17,-1.99433333333333,NA,after leafout,md,NA,2022-04-25
2086,-2.3115308219178105e-4,14,-0.756333333333333,0.0596486,before leafout,pd,PineNeedle,2022-04-04
2086,-2.3115308219178105e-4,37,-4.3785,0,after leafout,md,PineNeedle,2022-09-15
2086,-2.3115308219178105e-4,21,-1.55366666666667,0.0067591,after leafout,pd,PineNeedle,2022-05-23
2086,-2.3115308219178105e-4,29,-2.44,NA,after leafout,pd,NA,2022-07-19
2086,-2.3115308219178105e-4,19,-2.241,0.0020183,after leafout,md,PineNeedle,2022-05-09
2086,-2.3115308219178105e-4,29,-4.1,NA,after leafout,md,NA,2022-07-19
2086,-2.3115308219178105e-4,17,-0.852666666666667,NA,after leafout,pd,NA,2022-04-25
2087,8.967944444444445e-4,14,-0.617,0.0419294,before leafout,pd,PineNeedle,2022-04-04
2087,8.967944444444445e-4,21,-1.65,0.0300274,after leafout,pd,PineNeedle,2022-05-23
2087,8.967944444444445e-4,17,-2.32733333333333,NA,after leafout,md,NA,2022-04-25
2087,8.967944444444445e-4,19,-1.7395,0.0138066,after leafout,md,PineNeedle,2022-05-09
2087,8.967944444444445e-4,29,-1.64666666666667,NA,after leafout,pd,NA,2022-07-19
2087,8.967944444444445e-4,37,-3.72733333333333,0.0299489,after leafout,md,PineNeedle,2022-09-15
2087,8.967944444444445e-4,15,-1.30666666666667,0.0355636,before leafout,md,PineNeedle,2022-04-11
2087,8.967944444444445e-4,37,-1.76057142857143,0.0299489,after leafout,pd,PineNeedle,2022-09-15
2087,8.967944444444445e-4,29,-3.63333333333333,NA,after leafout,md,NA,2022-07-19
2343,-0.0013327324127906978,21,-3.721,0.0241679,after leafout,md,Hobbiton,2022-05-23
2343,-0.0013327324127906978,19,-1.48633333333333,0.0215256,after leafout,pd,Hobbiton,2022-05-09
2343,-0.0013327324127906978,18,-1.51633333333333,0.0224684,after leafout,pd,Hobbiton,2022-05-04
2343,-0.0013327324127906978,17,-1.15466666666667,0.0297935,after leafout,pd,Hobbiton,2022-04-25
2343,-0.0013327324127906978,18,-2.50066666666667,0.0224684,after leafout,md,Hobbiton,2022-05-04
2343,-0.0013327324127906978,29,-3.2,NA,after leafout,md,NA,2022-07-19
2343,-0.0013327324127906978,21,-1.9245,0.0241679,after leafout,pd,Hobbiton,2022-05-23
2343,-0.0013327324127906978,15,-1.45,0.0109444,before leafout,pd,Hobbiton,2022-04-11
2343,-0.0013327324127906978,37,-2.38916666666667,0,after leafout,pd,Hobbiton,2022-09-15
2343,-0.0013327324127906978,19,-2.27533333333333,0.0215256,after leafout,md,Hobbiton,2022-05-09
2343,-0.0013327324127906978,37,-2.989,0,after leafout,md,Hobbiton,2022-09-15
2343,-0.0013327324127906978,17,-2.6166,0.0297935,after leafout,md,Hobbiton,2022-04-25
2343,-0.0013327324127906978,33,-4.00233333333333,NA,after leafout,md,NA,2022-08-18
2343,-0.0013327324127906978,12,-2.12675,0.0638143,before leafout,md,Hobbiton,2022-03-25
2343,-0.0013327324127906978,29,-3.15,NA,after leafout,pd,NA,2022-07-19
2343,-0.0013327324127906978,14,-0.906666666666667,0.0689302,before leafout,pd,Hobbiton,2022-03-30
2343,-0.0013327324127906978,15,-1.88633333333333,0.0109444,before leafout,md,Hobbiton,2022-04-13
2343,-0.0013327324127906978,12,-1.26666666666667,0.0638143,before leafout,pd,Hobbiton,2022-03-25
2343,-0.0013327324127906978,33,-3.085,NA,after leafout,pd,NA,2022-08-18
2343,-0.0013327324127906978,12,-1.9245,0.0638143,before leafout,pd,Hobbiton,2022-03-23
2343,-0.0013327324127906978,10,-1.23933333333333,0.0923277,before leafout,pd,Hobbiton,2022-03-08
2343,-0.0013327324127906978,14,-2.65,0.0689302,before leafout,md,Hobbiton,2022-04-06
2347,-4.1069389534883723e-4,33,-4.4565,NA,after leafout,md,NA,2022-08-18
2347,-4.1069389534883723e-4,21,-2.86,0.008127,after leafout,md,Hobbiton,2022-05-23
2347,-4.1069389534883723e-4,29,-4.2,NA,after leafout,md,NA,2022-07-19
2347,-4.1069389534883723e-4,29,-3.43333333333333,NA,after leafout,pd,NA,2022-07-19
2347,-4.1069389534883723e-4,12,-2.3125,0.0352206,before leafout,md,Hobbiton,2022-03-25
2347,-4.1069389534883723e-4,12,-1.2,0.0352206,before leafout,pd,Hobbiton,2022-03-25
2347,-4.1069389534883723e-4,21,-1.934,0.008127,after leafout,pd,Hobbiton,2022-05-23
2347,-4.1069389534883723e-4,10,-1.949,0.0577666,before leafout,md,Hobbiton,2022-03-08
2347,-4.1069389534883723e-4,19,-2.86033333333333,0,after leafout,md,Hobbiton,2022-05-09
2347,-4.1069389534883723e-4,17,-2.33275,0.0117294,after leafout,md,Hobbiton,2022-04-25
2347,-4.1069389534883723e-4,17,-1.36066666666667,0.0117294,after leafout,pd,Hobbiton,2022-04-25
2347,-4.1069389534883723e-4,37,-2.62333333333333,0,after leafout,pd,Hobbiton,2022-09-15
2347,-4.1069389534883723e-4,12,-1.934,0.0352206,before leafout,pd,Hobbiton,2022-03-23
2347,-4.1069389534883723e-4,19,-1.5556,0,after leafout,pd,Hobbiton,2022-05-09
2347,-4.1069389534883723e-4,15,-1.559,0,before leafout,md,Hobbiton,2022-04-13
2347,-4.1069389534883723e-4,14,-1.23233333333333,0.039479,before leafout,pd,Hobbiton,2022-03-30
2347,-4.1069389534883723e-4,18,-2.87285714285714,0.008706,after leafout,md,Hobbiton,2022-05-04
2347,-4.1069389534883723e-4,37,-3.5525,0,after leafout,md,Hobbiton,2022-09-15
2347,-4.1069389534883723e-4,33,-3.991,NA,after leafout,pd,NA,2022-08-18
2347,-4.1069389534883723e-4,14,-2.36666666666667,0.039479,before leafout,md,Hobbiton,2022-04-06
2347,-4.1069389534883723e-4,15,-1.65,0,before leafout,pd,Hobbiton,2022-04-11
2347,-4.1069389534883723e-4,18,-1.5664,0.008706,after leafout,pd,Hobbiton,2022-05-04
2365,-8.441867005813957e-4,21,-2.97266666666667,0,after leafout,md,MiddleEarth,2022-05-23
2365,-8.441867005813957e-4,19,-1.35666666666667,0,after leafout,pd,MiddleEarth,2022-05-09
2365,-8.441867005813957e-4,17,-1.402,0.0254951,after leafout,pd,MiddleEarth,2022-04-25
2365,-8.441867005813957e-4,10,-1.65633333333333,0.0523364,before leafout,pd,MiddleEarth,2022-03-08
2365,-8.441867005813957e-4,19,-2.6145,0,after leafout,md,MiddleEarth,2022-05-09
2365,-8.441867005813957e-4,21,-1.87766666666667,0,after leafout,pd,MiddleEarth,2022-05-23
2365,-8.441867005813957e-4,29,-3.85,NA,after leafout,md,NA,2022-07-19
2365,-8.441867005813957e-4,18,-1.35666666666667,0.0215106,after leafout,pd,MiddleEarth,2022-05-04
2365,-8.441867005813957e-4,18,-2.7922,0.0215106,after leafout,md,MiddleEarth,2022-05-04
2365,-8.441867005813957e-4,37,-2.48333333333333,0,after leafout,pd,MiddleEarth,2022-09-15
2365,-8.441867005813957e-4,10,-2.1,0.0523364,before leafout,md,MiddleEarth,2022-03-08
2365,-8.441867005813957e-4,37,-4.308,0,after leafout,md,MiddleEarth,2022-09-15
2365,-8.441867005813957e-4,15,-1.4,0.0066281,before leafout,pd,MiddleEarth,2022-04-11
2365,-8.441867005813957e-4,29,-3.9,NA,after leafout,pd,NA,2022-07-19
2365,-8.441867005813957e-4,33,-3.82,NA,after leafout,pd,NA,2022-08-18
2365,-8.441867005813957e-4,14,-1.10333333333333,0.0649815,before leafout,pd,MiddleEarth,2022-03-30
2365,-8.441867005813957e-4,12,-2.2,0.0643393,before leafout,md,MiddleEarth,2022-03-25
2365,-8.441867005813957e-4,17,-3.18333333333333,0.0254951,after leafout,md,MiddleEarth,2022-04-25
2365,-8.441867005813957e-4,14,-2.4,0.0649815,before leafout,md,MiddleEarth,2022-04-06
2365,-8.441867005813957e-4,33,-5.1675,NA,after leafout,md,NA,2022-08-18
2365,-8.441867005813957e-4,12,-1.87766666666667,0.0643393,before leafout,pd,MiddleEarth,2022-03-23
2365,-8.441867005813957e-4,15,-1.80033333333333,0.0066281,before leafout,md,MiddleEarth,2022-04-13
2365,-8.441867005813957e-4,12,-1.35,0.0643393,before leafout,pd,MiddleEarth,2022-03-25
2370,-3.00360319767442e-4,33,-4.79925,NA,after leafout,md,NA,2022-08-18
2370,-3.00360319767442e-4,33,-3.744,NA,after leafout,pd,NA,2022-08-18
2370,-3.00360319767442e-4,29,-3.53333333333333,NA,after leafout,pd,NA,2022-07-19
2370,-3.00360319767442e-4,10,-1.45033333333333,0.0655667,before leafout,pd,Weathertop,2022-03-08
2370,-3.00360319767442e-4,21,-1.92933333333333,0,after leafout,pd,Weathertop,2022-05-23
2370,-3.00360319767442e-4,29,-4.43333333333333,NA,after leafout,md,NA,2022-07-19
2370,-3.00360319767442e-4,14,-1.16133333333333,0.0534179,before leafout,pd,Weathertop,2022-03-30
2370,-3.00360319767442e-4,15,-1.40433333333333,0,before leafout,md,Weathertop,2022-04-13
2370,-3.00360319767442e-4,12,-1.25,0.0263388,before leafout,pd,Weathertop,2022-03-25
2370,-3.00360319767442e-4,14,-3.1,0.0534179,before leafout,md,Weathertop,2022-04-06
2370,-3.00360319767442e-4,18,-2.68366666666667,0,after leafout,md,Weathertop,2022-05-04
2370,-3.00360319767442e-4,19,-2.34533333333333,1.273e-4,after leafout,md,Weathertop,2022-05-09
2370,-3.00360319767442e-4,21,-3.2,0,after leafout,md,Weathertop,2022-05-23
2370,-3.00360319767442e-4,17,-2.28725,0.0152271,after leafout,md,Weathertop,2022-04-25
2370,-3.00360319767442e-4,17,-1.3795,0.0152271,after leafout,pd,Weathertop,2022-04-25
2370,-3.00360319767442e-4,37,-4.005,0,after leafout,md,Weathertop,2022-09-15
2370,-3.00360319767442e-4,37,-2.4,0,after leafout,pd,Weathertop,2022-09-15
2370,-3.00360319767442e-4,15,-1.433,0,before leafout,pd,Weathertop,2022-04-11
2371,-5.223453488372098e-4,17,-2.696,0.0570817,after leafout,md,Weathertop,2022-04-25
2371,-5.223453488372098e-4,15,-1.413,0.0302431,before leafout,md,Weathertop,2022-04-13
2371,-5.223453488372098e-4,15,-1.002,0.0302431,before leafout,pd,Weathertop,2022-04-11
2371,-5.223453488372098e-4,17,-0.952333333333333,0.0570817,after leafout,pd,Weathertop,2022-04-25
2371,-5.223453488372098e-4,18,-2.97433333333333,0.027737,after leafout,md,Weathertop,2022-05-04
2371,-5.223453488372098e-4,37,-2.015,0.0282761,after leafout,pd,Weathertop,2022-09-15
2371,-5.223453488372098e-4,37,-3.87375,0.0282761,after leafout,md,Weathertop,2022-09-15
2371,-5.223453488372098e-4,19,-1.265,0.0259098,after leafout,pd,Weathertop,2022-05-09
2371,-5.223453488372098e-4,21,-2.55666666666667,0.027288,after leafout,md,Weathertop,2022-05-23
2371,-5.223453488372098e-4,21,-1.5165,0.027288,after leafout,pd,Weathertop,2022-05-23
2371,-5.223453488372098e-4,19,-2.298,0.0259098,after leafout,md,Weathertop,2022-05-09
2371,-5.223453488372098e-4,14,-2.65,0.0908171,before leafout,md,Weathertop,2022-04-06
2371,-5.223453488372098e-4,14,-1.13333333333333,0.0908171,before leafout,pd,Weathertop,2022-03-30
2371,-5.223453488372098e-4,33,-2.98575,NA,after leafout,pd,NA,2022-08-18
2371,-5.223453488372098e-4,10,-1.2455,0.0209954,before leafout,pd,Weathertop,2022-03-08
2371,-5.223453488372098e-4,12,-1.15,0.0553939,before leafout,pd,Weathertop,2022-03-25
2371,-5.223453488372098e-4,33,-4.72,NA,after leafout,md,NA,2022-08-18
2371,-5.223453488372098e-4,29,-3.475,NA,after leafout,md,NA,2022-07-19
2371,-5.223453488372098e-4,29,-3.1,NA,after leafout,pd,NA,2022-07-19
2372,-0.0013061108284883726,19,-1.851,0.0279729,after leafout,pd,Weathertop,2022-05-09
2372,-0.0013061108284883726,21,-1.78833333333333,0.0287231,after leafout,pd,Weathertop,2022-05-23
2372,-0.0013061108284883726,29,-3.92,NA,after leafout,md,NA,2022-07-19
2372,-0.0013061108284883726,21,-2.18,0.0287231,after leafout,md,Weathertop,2022-05-23
2372,-0.0013061108284883726,17,-1.307,0.0331518,after leafout,pd,Weathertop,2022-04-25
2372,-0.0013061108284883726,14,-3.08333333333333,0.0876852,before leafout,md,Weathertop,2022-04-06
2372,-0.0013061108284883726,18,-3.519,0.0388236,after leafout,md,Weathertop,2022-05-04
2372,-0.0013061108284883726,17,-1.9765,0.0331518,after leafout,md,Weathertop,2022-04-25
2372,-0.0013061108284883726,37,-2.04166666666667,0.0086111,after leafout,pd,Weathertop,2022-09-15
2372,-0.0013061108284883726,33,-3.6175,NA,after leafout,pd,NA,2022-08-18
2372,-0.0013061108284883726,19,-1.9765,0.0279729,after leafout,md,Weathertop,2022-05-09
2372,-0.0013061108284883726,15,-1.211,0.0319406,before leafout,pd,Weathertop,2022-04-11
2372,-0.0013061108284883726,37,-3.533,0.0086111,after leafout,md,Weathertop,2022-09-15
2372,-0.0013061108284883726,12,-1.725,0.0561855,before leafout,pd,Weathertop,2022-03-25
2372,-0.0013061108284883726,33,-4.97566666666667,NA,after leafout,md,NA,2022-08-18
2372,-0.0013061108284883726,10,-1.485,0.0170495,before leafout,pd,Weathertop,2022-03-08
2372,-0.0013061108284883726,14,-1.28333333333333,0.0876852,before leafout,pd,Weathertop,2022-03-30
2372,-0.0013061108284883726,29,-2.8,NA,after leafout,pd,NA,2022-07-19
2372,-0.0013061108284883726,12,-1.8625,0.0561855,before leafout,md,Weathertop,2022-03-25
2375,-9.231096335078532e-4,29,-4.5,NA,after leafout,md,NA,2022-07-19
2375,-9.231096335078532e-4,21,-1.69933333333333,0.0197755,after leafout,pd,Hobbiton,2022-05-23
2375,-9.231096335078532e-4,15,-1.929,0.0351597,before leafout,md,Hobbiton,2022-04-13
2375,-9.231096335078532e-4,21,-3.442,0.0197755,after leafout,md,Hobbiton,2022-05-23
2375,-9.231096335078532e-4,19,-2.60266666666667,0,after leafout,md,Hobbiton,2022-05-09
2375,-9.231096335078532e-4,29,-2.19,NA,after leafout,pd,NA,2022-07-19
2375,-9.231096335078532e-4,37,-3.98766666666667,3.29e-4,after leafout,md,Hobbiton,2022-09-15
2375,-9.231096335078532e-4,33,-4.1515,NA,after leafout,md,NA,2022-08-18
2375,-9.231096335078532e-4,19,-1.55616666666667,0,after leafout,pd,Hobbiton,2022-05-09
2375,-9.231096335078532e-4,18,-3.16133333333333,0.0296294,after leafout,md,Hobbiton,2022-05-04
2375,-9.231096335078532e-4,14,-1.105,0.0920584,before leafout,pd,Hobbiton,2022-03-30
2375,-9.231096335078532e-4,15,-1.33333333333333,0.0351597,before leafout,pd,Hobbiton,2022-04-11
2375,-9.231096335078532e-4,17,-1.3405,0.0138281,after leafout,pd,Hobbiton,2022-04-25
2375,-9.231096335078532e-4,33,-3.11366666666667,NA,after leafout,pd,NA,2022-08-18
2375,-9.231096335078532e-4,14,-2.8,0.0920584,before leafout,md,Hobbiton,2022-04-06
2375,-9.231096335078532e-4,37,-1.19775,3.29e-4,after leafout,pd,Hobbiton,2022-09-15
2375,-9.231096335078532e-4,12,-1.075,0.079956,before leafout,pd,Hobbiton,2022-03-25
2378,-6.274874400767018e-4,18,-2.466,0,after leafout,md,MiddleEarth,2022-05-04
2378,-6.274874400767018e-4,17,-1.5095,0.0233828,after leafout,pd,MiddleEarth,2022-04-25
2378,-6.274874400767018e-4,17,-3.0975,0.0233828,after leafout,md,MiddleEarth,2022-04-25
2378,-6.274874400767018e-4,19,-1.545,0,after leafout,pd,MiddleEarth,2022-05-09
2378,-6.274874400767018e-4,15,-1.621,0.0057721,before leafout,md,MiddleEarth,2022-04-13
2378,-6.274874400767018e-4,15,-1.305,0.0057721,before leafout,pd,MiddleEarth,2022-04-11
2378,-6.274874400767018e-4,33,-3.0715,NA,after leafout,pd,NA,2022-08-18
2378,-6.274874400767018e-4,14,-0.596666666666667,0.0815862,before leafout,pd,MiddleEarth,2022-03-30
2378,-6.274874400767018e-4,29,-2.005,NA,after leafout,pd,NA,2022-07-19
2378,-6.274874400767018e-4,21,-3.192,0.0077666,after leafout,md,MiddleEarth,2022-05-23
2378,-6.274874400767018e-4,21,-1.7095,0.0077666,after leafout,pd,MiddleEarth,2022-05-23
2378,-6.274874400767018e-4,14,-2.875,0.0815862,before leafout,md,MiddleEarth,2022-04-06
2378,-6.274874400767018e-4,37,-4.317,0,after leafout,md,MiddleEarth,2022-09-15
2378,-6.274874400767018e-4,10,-1.02433333333333,0.0891286,before leafout,pd,MiddleEarth,2022-03-08
2378,-6.274874400767018e-4,10,-1.7875,0.0891286,before leafout,md,MiddleEarth,2022-03-08
2378,-6.274874400767018e-4,12,-2.9125,0.0798676,before leafout,md,MiddleEarth,2022-03-25
2378,-6.274874400767018e-4,12,-0.9625,0.0798676,before leafout,pd,MiddleEarth,2022-03-25
2378,-6.274874400767018e-4,33,-3.946,NA,after leafout,md,NA,2022-08-18
2378,-6.274874400767018e-4,37,-1.93466666666667,0,after leafout,pd,MiddleEarth,2022-09-15
2378,-6.274874400767018e-4,29,-3.75,NA,after leafout,md,NA,2022-07-19
2379,-4.76820784883721e-4,19,-2.43366666666667,0,after leafout,md,MiddleEarth,2022-05-09
2379,-4.76820784883721e-4,17,-1.246,0.0149612,after leafout,pd,MiddleEarth,2022-04-25
2379,-4.76820784883721e-4,19,-1.62533333333333,0,after leafout,pd,MiddleEarth,2022-05-09
2379,-4.76820784883721e-4,21,-3.3255,0,after leafout,md,MiddleEarth,2022-05-23
2379,-4.76820784883721e-4,33,-4.349,NA,after leafout,md,NA,2022-08-18
2379,-4.76820784883721e-4,15,-1.179,0.0554782,before leafout,pd,MiddleEarth,2022-04-11
2379,-4.76820784883721e-4,15,-2.443,0.0554782,before leafout,md,MiddleEarth,2022-04-13
2379,-4.76820784883721e-4,18,-2.94875,0.0114615,after leafout,md,MiddleEarth,2022-05-04
2379,-4.76820784883721e-4,21,-2.286,0,after leafout,pd,MiddleEarth,2022-05-23
2379,-4.76820784883721e-4,17,-2.82,0.0149612,after leafout,md,MiddleEarth,2022-04-25
2379,-4.76820784883721e-4,29,-4.1,NA,after leafout,pd,NA,2022-07-19
2379,-4.76820784883721e-4,37,-1.69666666666667,0,after leafout,pd,MiddleEarth,2022-09-15
2379,-4.76820784883721e-4,12,-1.032,0.120893,before leafout,pd,MiddleEarth,2022-03-25
2379,-4.76820784883721e-4,29,-4.65,NA,after leafout,md,NA,2022-07-19
2379,-4.76820784883721e-4,14,-0.5,0.0837261,before leafout,pd,MiddleEarth,2022-03-30
2379,-4.76820784883721e-4,37,-4.87066666666667,0,after leafout,md,MiddleEarth,2022-09-15
2379,-4.76820784883721e-4,14,-2.55,0.0837261,before leafout,md,MiddleEarth,2022-04-06
2379,-4.76820784883721e-4,10,-1.23875,0.109564,before leafout,pd,MiddleEarth,2022-03-08
2379,-4.76820784883721e-4,12,-3.19375,0.120893,before leafout,md,MiddleEarth,2022-03-25
2379,-4.76820784883721e-4,33,-2.982,NA,after leafout,pd,NA,2022-08-18
2381,-2.4406510067114117e-4,37,-1.2325,0,after leafout,pd,Weathertop,2022-09-15
2381,-2.4406510067114117e-4,14,-2.96833333333333,0.0282273,before leafout,md,Weathertop,2022-04-06
2381,-2.4406510067114117e-4,33,-3.83066666666667,NA,after leafout,pd,NA,2022-08-18
2381,-2.4406510067114117e-4,14,-0.44,0.0282273,before leafout,pd,Weathertop,2022-03-30
2381,-2.4406510067114117e-4,15,-1.4,0,before leafout,pd,Weathertop,2022-04-11
2381,-2.4406510067114117e-4,12,-2.33333333333333,5.04e-5,before leafout,md,Weathertop,2022-03-25
2381,-2.4406510067114117e-4,15,-1.594,0,before leafout,md,Weathertop,2022-04-13
2381,-2.4406510067114117e-4,37,-4.74066666666667,0,after leafout,md,Weathertop,2022-09-15
2381,-2.4406510067114117e-4,21,-2.6365,0,after leafout,md,Weathertop,2022-05-23
2381,-2.4406510067114117e-4,17,-2.001,0,after leafout,md,Weathertop,2022-04-25
2381,-2.4406510067114117e-4,12,-0.437333333333333,5.04e-5,before leafout,pd,Weathertop,2022-03-25
2381,-2.4406510067114117e-4,19,-2.36075,8e-7,after leafout,pd,Weathertop,2022-05-09
2381,-2.4406510067114117e-4,33,-4.657,NA,after leafout,md,NA,2022-08-18
2381,-2.4406510067114117e-4,10,-1.325,0.0323803,before leafout,pd,Weathertop,2022-03-08
2381,-2.4406510067114117e-4,18,-2.645,0.0121219,after leafout,md,Weathertop,2022-05-04
2381,-2.4406510067114117e-4,17,-1.26233333333333,0,after leafout,pd,Weathertop,2022-04-25
2381,-2.4406510067114117e-4,29,-3.5,NA,after leafout,pd,NA,2022-07-19
2381,-2.4406510067114117e-4,10,-1.83433333333333,0.0323803,before leafout,md,Weathertop,2022-03-08
2381,-2.4406510067114117e-4,21,-1.2905,0,after leafout,pd,Weathertop,2022-05-23
2381,-2.4406510067114117e-4,29,-4.63333333333333,NA,after leafout,md,NA,2022-07-19
2383,-2.6815268895348846e-4,33,-3.1875,NA,after leafout,pd,NA,2022-08-18
2383,-2.6815268895348846e-4,15,-1.869,6.546e-4,before leafout,md,Weathertop,2022-04-13
2383,-2.6815268895348846e-4,15,-0.9505,6.546e-4,before leafout,pd,Weathertop,2022-04-11
2383,-2.6815268895348846e-4,37,-2.16,0,after leafout,pd,Weathertop,2022-09-15
2383,-2.6815268895348846e-4,14,-0.436666666666667,0.0562841,before leafout,pd,Weathertop,2022-03-30
2383,-2.6815268895348846e-4,19,-1.58975,0.0050637,after leafout,pd,Weathertop,2022-05-09
2383,-2.6815268895348846e-4,33,-4.6335,NA,after leafout,md,NA,2022-08-18
2383,-2.6815268895348846e-4,37,-4.16766666666667,0,after leafout,md,Weathertop,2022-09-15
2383,-2.6815268895348846e-4,19,-2.48,0.0050637,after leafout,md,Weathertop,2022-05-09
2383,-2.6815268895348846e-4,14,-2.71,0.0562841,before leafout,md,Weathertop,2022-04-06
2383,-2.6815268895348846e-4,18,-2.23666666666667,0,after leafout,md,Weathertop,2022-05-04
2383,-2.6815268895348846e-4,10,-0.96,0.0281803,before leafout,pd,Weathertop,2022-03-08
2383,-2.6815268895348846e-4,12,-0.646,0.0249588,before leafout,pd,Weathertop,2022-03-25
2383,-2.6815268895348846e-4,17,-1.349,0.0104776,after leafout,pd,Weathertop,2022-04-25
2383,-2.6815268895348846e-4,29,-2.358,NA,after leafout,pd,NA,2022-07-19
2383,-2.6815268895348846e-4,10,-2.36033333333333,0.0281803,before leafout,md,Weathertop,2022-03-08
2383,-2.6815268895348846e-4,17,-2.96,0.0104776,after leafout,md,Weathertop,2022-04-25
2383,-2.6815268895348846e-4,29,-4.2,NA,after leafout,md,NA,2022-07-19
2383,-2.6815268895348846e-4,21,-3.34333333333333,0,after leafout,md,Weathertop,2022-05-23
2383,-2.6815268895348846e-4,21,-1.53225,0,after leafout,pd,Weathertop,2022-05-23
